street, city, state, zip, country, phone
46 Thunder Glen, Dads Creek, PA, 19488-4197, US, (724) 393-2789
3260 High Drive, Hanging Rock, MT, 59477-8419, US, (406) 202-4140
8039 Middle Panda Farms, Tarzana, FL, 34187-8639, US, (352) 728-7582
9649 Cinder Bear Stead, Invermay, AZ, 86913-0470, US, (928) 744-0713
7134 Grand Rabbit Meadow, Prescott, MA, 02161-5025, US, (508) 804-4420
4158 Cozy Lane, Lost Nation, HI, 96764-3865, US, (808) 813-4353
3981 Foggy Fawn Thicket, Arickaree, TX, 75334-5584, US, (713) 779-2986
6359 Quiet Elk Beach, Three Brothers, ID, 83829-6624, US, (208) 424-9187
2461 Merry Close, Gay Oaks, NV, 89001-0783, US, (702) 332-9991
7671 Colonial Beacon By-pass, Ready, MI, 49947-1909, US, (313) 950-5371
7291 Golden Brook Harbour, Dryhead, TX, 78197-0153, US, (254) 431-1296
947 Old Bluff Field, Flat Lick, GA, 39855-8229, US, (470) 543-9146
4952 Wishing Pioneer Wood, Polkadot, VT, 05382-3188, US, (802) 197-5072
973 Lost Cider Woods, Never Spur, NH, 03358-2752, US, (603) 094-3529
8744 Lazy Townline, Half Moon, CT, 06299-9223, US, (475) 269-9418
5736 Shady Wharf, Zero, MT, 59384-8708, US, (406) 378-9529
6772 Sleepy Glade, Copper Spur, NJ, 08944-4620, US, (609) 615-3894
1309 Rustic Pony Mall , Lords Hill, AR, 72296-0567, US, (479) 757-0605
435 Quaking Terrace, Ship Bottom, ND, 58559-5289, US, (701) 987-7357
9640 Silent Port, Saxapahaw, NY, 10316-8815, US, (516) 215-7617
2435 Cotton Ledge, Corner Store, OH, 43611-3475, US, (234) 497-5346
7748 Round View Turnabout, Strongfield, TN, 37127-9393, US, (423) 243-5686
7608 Sunny Promenade, Mud Butte, NV, 89386-8730, US, (702) 282-5543
1461 Tawny Timber Walk, Israel Haul, KY, 42200-6480, US, (270) 342-0343
6048 Iron Wynd, Possum Bluff, WI, 53452-1915, US, (534) 670-7717
9511 Emerald Point, Black Cat, KS, 67286-0544, US, (913) 875-6708
753 Easy Rise Gate, Putty Hill, UT, 84159-4761, US, (435) 094-4325
5433 Clear Byway, Stagecoach, OR, 97780-3077, US, (458) 390-5037
9892 Hidden Pine Way, Keyhole, MI, 49904-0629, US, (231) 843-0325
9349 Rocky Forest Ridge, Wyoming, CT, 06406-4117, US, (475) 099-1524
1981 Amber Grove Loop, Minneapolis, CT, 06273-6521, US, (475) 940-4879
7427 Broad Hill, Kamsack, KY, 42092-3874, US, (606) 317-6843
4081 Harvest Pines, Jackpot, IA, 52872-4440, US, (319) 241-9262
3565 Honey Heights, Cutalong, ID, 83486-0995, US, (208) 536-0758
9693 Crystal Shadow Square, Morning Sun, ID, 83254-3744, US, (208) 626-6575
2086 Noble Carrefour, Virginville, TN, 37496-5182, US, (901) 625-0912
7004 Jagged Hickory Route, Splitlog, WY, 82408-1467, US, (307) 279-9946
8544 Blue Wagon Freeway, Enigma, ND, 58621-0713, US, (701) 231-5637
3941 Pleasant Nectar Place, Confluence, ND, 58599-4008, US, (701) 868-4639
4681 Misty Gardens, Copperopolis, DC, 20034-7770, US, (202) 164-7677
9136 Dewy Path, Nashville, KS, 66732-2069, US, (620) 451-5680
3329 Red Sky View, Maushantuxet, FL, 34904-2035, US, (727) 874-6756
4651 Umber Centre, Atlantic, NC, 27708-3719, US, (704) 431-3098
5592 Silver Trace, St. Gregor, CA, 96130-3390, US, (714) 111-8525
5168 Indian Edge, Cat Square, IN, 47481-3802, US, (812) 877-8896
3181 Stony Key, Squirrel Town, RI, 02983-9252, US, (401) 433-6380
28 Heather Embers Abbey, Soda Springs, MI, 49949-6396, US, (734) 551-4231
5902 Fallen Extension, Credit River, CT, 06438-3512, US, (203) 822-0839
9343 Gentle Lagoon Limits, Sunset Cove, OR, 97144-2897, US, (503) 884-3024
8624 Hazy Island Arbor, Ridgedale, CT, 06108-6956, US, (203) 468-5069
